<?xml version="1.0" encoding="UTF-8"?>
<jcr:root xmlns:sling="http://sling.apache.org/jcr/sling/1.0" xmlns:cq="http://www.day.com/jcr/cq/1.0" xmlns:jcr="http://www.jcp.org/jcr/1.0" xmlns:nt="http://www.jcp.org/jcr/nt/1.0"
    cq:dialogMode="floating"
    jcr:primaryType="nt:unstructured"
    jcr:title="Blog Listing"
    sling:resourceType="cq/gui/components/authoring/dialog">
    <content
        jcr:primaryType="nt:unstructured"
        sling:resourceType="granite/ui/components/foundation/container">
        <layout
            jcr:primaryType="nt:unstructured"
            sling:resourceType="granite/ui/components/foundation/layouts/tabs"/>
        <items jcr:primaryType="nt:unstructured">
            <ctalabel
                jcr:primaryType="nt:unstructured"
                jcr:title="Blog Thumbnail"
                sling:resourceType="granite/ui/components/foundation/section">
                <layout
                    jcr:primaryType="nt:unstructured"
                    sling:resourceType="granite/ui/components/foundation/layouts/fixedcolumns"/>
                <items jcr:primaryType="nt:unstructured">
                    <column
                        jcr:primaryType="nt:unstructured"
                        sling:resourceType="granite/ui/components/foundation/container">
                        <items jcr:primaryType="nt:unstructured">
                            <blogrootpathselector
                                jcr:primaryType="nt:unstructured"
                                jcr:title="Blog root path"
                                sling:resourceType="granite/ui/components/foundation/form/pathbrowser"
                                fieldDescription="Select a blog page"
                                fieldLabel="Blog Root Path"
                                name="./blogrootpath"
                                rootPath="/content/bootcamp/en/bloghome"/>
                            <title
                                jcr:primaryType="nt:unstructured"
                                sling:resourceType="granite/ui/components/foundation/form/textfield"
                                fieldDescription="Enter a blog title"
                                fieldLabel="Title"
                                name="./blogtitle"/>
                            <description
                                jcr:primaryType="nt:unstructured"
                                sling:resourceType="granite/ui/components/foundation/form/textarea"
                                fieldDescription="Enter a blog description"
                                fieldLabel="Blog Description"
                                name="./blogdescription"/>
                            <button-text
                                jcr:primaryType="nt:unstructured"
                                sling:resourceType="granite/ui/components/foundation/form/textfield"
                                fieldDescription="Enter a name for the blog buttons"
                                fieldLabel="Blog Button Text"
                                name="./btntext"/>
                            <show-more-button
                                jcr:primaryType="nt:unstructured"
                                sling:resourceType="granite/ui/components/foundation/form/textfield"
                                fieldDescription="Enter a name for the button to show more blogs"
                                fieldLabel="Show More Button Text"
                                name="./showmorebtntext"/>
                        </items>
                    </column>
                </items>
            </ctalabel>
        </items>
    </content>
</jcr:root>
