<?xml version="1.0" encoding="UTF-8"?>
<jcr:root xmlns:sling="http://sling.apache.org/jcr/sling/1.0" xmlns:cq="http://www.day.com/jcr/cq/1.0" xmlns:jcr="http://www.jcp.org/jcr/1.0" xmlns:nt="http://www.jcp.org/jcr/nt/1.0"
    cq:dialogMode="floating"
    jcr:primaryType="nt:unstructured"
    jcr:title="Banner"
    sling:resourceType="cq/gui/components/authoring/dialog">
    <content
        jcr:primaryType="nt:unstructured"
        sling:resourceType="granite/ui/components/foundation/container">
        <layout
            jcr:primaryType="nt:unstructured"
            sling:resourceType="granite/ui/components/foundation/layouts/tabs"/>
        <items jcr:primaryType="nt:unstructured">
            <heading
                jcr:primaryType="nt:unstructured"
                jcr:title="Heading"
                sling:resourceType="granite/ui/components/foundation/section">
                <layout
                    jcr:primaryType="nt:unstructured"
                    sling:resourceType="granite/ui/components/foundation/layouts/fixedcolumns"/>
                <items jcr:primaryType="nt:unstructured">
                    <column
                        jcr:primaryType="nt:unstructured"
                        sling:resourceType="granite/ui/components/foundation/container">
                        <items jcr:primaryType="nt:unstructured">
                            <heading
                                jcr:primaryType="nt:unstructured"
                                jcr:title="Heading"
                                sling:resourceType="granite/ui/components/foundation/form/textfield"
                                fieldDescription="Give a heading"
                                fieldLabel="Heading"
                                name="./heading"/>
                        </items>
                    </column>
                </items>
            </heading>
            <paragraph
                jcr:primaryType="nt:unstructured"
                jcr:title="Paraghaph"
                sling:resourceType="granite/ui/components/foundation/section">
                <layout
                    jcr:primaryType="nt:unstructured"
                    sling:resourceType="granite/ui/components/foundation/layouts/fixedcolumns"/>
                <items jcr:primaryType="nt:unstructured">
                    <column
                        jcr:primaryType="nt:unstructured"
                        sling:resourceType="granite/ui/components/foundation/container">
                        <items jcr:primaryType="nt:unstructured">
                            <paragraph
                                jcr:primaryType="nt:unstructured"
                                jcr:title="Enter Paragraph Text"
                                sling:resourceType="cq/gui/components/authoring/dialog/richtext"
                                fieldDescription="Enter a small description about the product"
                                fieldLabel="Text"
                                name="./para"/>
                        </items>
                    </column>
                </items>
            </paragraph>
            <ctalabel
                jcr:primaryType="nt:unstructured"
                jcr:title="CTA Label"
                sling:resourceType="granite/ui/components/foundation/section">
                <layout
                    jcr:primaryType="nt:unstructured"
                    sling:resourceType="granite/ui/components/foundation/layouts/fixedcolumns"/>
                <items jcr:primaryType="nt:unstructured">
                    <column
                        jcr:primaryType="nt:unstructured"
                        sling:resourceType="granite/ui/components/foundation/container">
                        <items jcr:primaryType="nt:unstructured">
                            <ctalabel
                                jcr:primaryType="nt:unstructured"
                                sling:resourceType="granite/ui/components/foundation/form/multifield"
                                class="full-width"
                                fieldDescription="Click 'Add field' to add text image combinations"
                                fieldLabel="Add Images">
                                <field
                                    jcr:primaryType="nt:unstructured"
                                    sling:resourceType="granite/ui/components/foundation/form/fieldset"
                                    acs-commons-nested="NODE_STORE"
                                    name="./imageText">
                                    <layout
                                        jcr:primaryType="nt:unstructured"
                                        sling:resourceType="granite/ui/components/foundation/layouts/fixedcolumns"
                                        method="absolute"/>
                                    <items jcr:primaryType="nt:unstructured">
                                        <column
                                            jcr:primaryType="nt:unstructured"
                                            sling:resourceType="granite/ui/components/foundation/container">
                                            <items jcr:primaryType="nt:unstructured">
                                                <title
                                                    jcr:primaryType="nt:unstructured"
                                                    sling:resourceType="granite/ui/components/foundation/form/textfield"
                                                    fieldLabel="Title"
                                                    name="./ctatitle"/>
                                                <redirectionlink
                                                    jcr:primaryType="nt:unstructured"
                                                    sling:resourceType="granite/ui/components/foundation/form/pathbrowser"
                                                    fieldLabel="Redirection Link"
                                                    name="./ctaredirection"/>
                                            </items>
                                        </column>
                                    </items>
                                </field>
                            </ctalabel>
                        </items>
                    </column>
                </items>
            </ctalabel>
            <backgroundimg
                jcr:primaryType="nt:unstructured"
                jcr:title="Background Image"
                sling:resourceType="granite/ui/components/foundation/section">
                <layout
                    jcr:primaryType="nt:unstructured"
                    sling:resourceType="granite/ui/components/foundation/layouts/fixedcolumns"/>
                <items jcr:primaryType="nt:unstructured">
                    <column
                        jcr:primaryType="nt:unstructured"
                        sling:resourceType="granite/ui/components/foundation/container">
                        <items jcr:primaryType="nt:unstructured">
                            <backgroundimg
                                jcr:primaryType="nt:unstructured"
                                jcr:title="Background Image"
                                sling:resourceType="granite/ui/components/foundation/form/pathbrowser"
                                fieldDescription="Upload a background Image"
                                fieldLabel="Background Image"
                                name="./backgroundimg"
                                rootPath="/content/dam"/>
                        </items>
                    </column>
                </items>
            </backgroundimg>
        </items>
    </content>
</jcr:root>
